feature,cutoff
NMF_EM_2,0.8397838879244706
NMF_FLEN_2,0.49854410150937206
NMF_NUCLEOSOME_2,0.5283532025919271
EM_score,0.06631489887481688
FLEN_score,0.22403932358130535
NUCLEOSOME_score,0.018938134065542657
EM_shannon,0.029841537983741392
OT_EM,0.0764369685345268
OT_FLEN,0.1795343829016689
OT_NUCLEOSOME,0.012811128358692315
ichorCNA,0.01545
