feature,cutoff
NMF_EM_2,0.7642551912625662
NMF_FLEN_1,0.4926682720724858
NMF_NUCLEOSOME_2,0.5331740417038043
EM_score,0.049642668194858505
FLEN_score,0.2204027508776205
NUCLEOSOME_score,0.02000985832103966
EM_shannon,0.02983018866563643
OT_EM,0.07730875869538509
OT_FLEN,0.16795706279959474
OT_NUCLEOSOME,0.012329558160871038
ichorCNA,0.01501
