feature,cutoff
NMF_EM_1,0.550730375821726
NMF_FLEN_1,0.523191895584451
NMF_NUCLEOSOME_2,0.548432060959596
EM_score,0.0679106712873841
FLEN_score,0.2253280465221316
NUCLEOSOME_score,0.019836062528390805
EM_shannon,0.02984153798374139
OT_EM,0.06348017317529561
OT_FLEN,0.17896630810969869
OT_NUCLEOSOME,0.013291572399335927
ichorCNA,0.01545
